Company,Rating,Reviews,Salaries,Jobs
TCS,3.3,1.2L,10.4L,5.1k
Accenture,3.7,76.2k,7.3L,14.8k
Wipro,3.6,67.1k,4.9L,3
Cognizant,3.7,63.4k,6.1L,915
Capgemini,3.6,55.6k,5L,2.1k
HDFC Bank,3.8,54.7k,1.5L,539
Infosys,3.5,50.5k,5.3L,3.5k
HCLTech,3.4,48.3k,4L,285
ICICI Bank,4.0,47.2k,1.6L,17
Tech Mahindra,3.3,44.8k,2.9L,805
Genpact,3.6,44k,2.4L,523
TP,3.9,40.2k,1L,1.5k
Axis Bank,3.6,34.6k,1L,224
Jio,4.4,34.3k,61.1k,--
Concentrix Corporation,3.5,33.3k,1.3L,29
Amazon,3.9,32.8k,1.6L,85
Reliance Retail,3.9,28.1k,74.9k,86
iEnergizer,4.5,27.9k,25.2k,76
LTM Limited,3.6,27.4k,2L,721
HDB Financial Services,3.9,26.6k,49.3k,4
IBM,3.9,26.6k,2.2L,239
Larsen & Toubro Limited,3.9,24.8k,77k,273
Deloitte,3.6,24.4k,2.8L,646
Kotak Mahindra Bank,3.6,23.3k,89.4k,205
Reliance Industries,4.0,20.9k,76k,110
Vodafone Idea,3.9,18k,48.5k,87
Bharti Airtel,3.8,17.6k,50.2k,172
BYJU'S,3.2,16.4k,49.5k,5
WNS,3.3,15.8k,71.2k,52
IDFC FIRST Bank,4.0,15.7k,51.4k,43
Ernst & Young,3.4,15.3k,1.5L,2.8k
IndusInd Bank,3.4,14.8k,53k,189
AU Small Finance Bank,3.8,14.7k,30.9k,132
Tata Motors,4.1,14.6k,44.4k,24
Bajaj Finserv,3.9,13.8k,32.4k,17
Flipkart,3.9,13.5k,57.9k,120
Muthoot FinCorp,4.5,13.5k,10k,61
PwC,3.3,13.3k,1.3L,1.5k
Mahindra & Mahindra,4.0,12.6k,41.9k,1
HDFC Life,3.8,12.6k,33.9k,229
Infosys BPM,3.5,12.5k,78.6k,38
DXC Technology,3.6,12.3k,75.2k,72
Bandhan Bank,3.7,11.8k,28.4k,--
Digitide Solutions,3.4,10.7k,27.4k,335
Yes Bank,3.7,10.6k,43.4k,198
Mphasis,3.3,10.6k,75.5k,53
Tata Steel,4.0,10.3k,34.9k,--
Quess,3.8,10.1k,32k,19
Asian Paints,3.9,10k,26.5k,87
UltraTech Cement,4.1,9.9k,25.3k,81
Maruti Suzuki,4.1,9.9k,29.6k,665
Startek,3.0,9.9k,25.1k,271
Bajaj Finance,3.9,9.7k,23.7k,9.3k
Paytm,3.2,9.7k,35.2k,1.1k
Shriram Finance,3.9,9.5k,16.1k,6
Sutherland Global Services,3.3,9.4k,36.9k,353
Equitas Small Finance Bank,4.3,9.2k,14k,54
Coforge,3.3,9.2k,69.2k,355
Wells Fargo,3.6,9.1k,67.1k,141
Cipla,4.1,8.9k,26.9k,44
EXL Service,3.6,8.9k,45.7k,94
Ericsson,3.9,8.6k,42.6k,41
Samsung,3.9,8.5k,26.8k,56
Dr. Reddy's,4.0,8.5k,26.3k,74
JSW Steel,3.9,8.3k,32.7k,179
Optum Global Solutions,4.0,8.3k,53.3k,217
Delhivery,3.8,8.2k,23.1k,419
JPMorgan Chase & Co.,3.8,8.1k,94.3k,398
ICICI Prudential Life Insurance,3.9,8k,23.1k,39
Hexaware Technologies,3.4,8k,57.1k,1.6k
Ujjivan Small Finance Bank,4.0,8k,13.4k,122
Jana Small Finance Bank,3.7,7.9k,14k,84
Sun Pharmaceutical Industries,4.0,7.9k,23.6k,341
Zydus Lifesciences,4.0,7.9k,20.7k,42
Ekart Logistics,3.9,7.8k,17.7k,1
HGS,3.7,7.7k,20.1k,31
KPMG India,3.4,7.7k,71.7k,112
Lupin,4.1,7.6k,22.7k,53
Amazon Development Centre India,3.8,7.6k,39.4k,19
Axis Max Life Insurance,4.0,7.6k,21.2k,2.3k
ITC,3.8,7.4k,25.7k,81
Hindustan Unilever,4.2,7.4k,21k,26
L&T Construction,4.0,7.4k,19.3k,--
Megha Engineering & Infrastructures,3.9,7.2k,19.8k,63
Tata Projects,4.2,7.1k,23.1k,60
Cholamandalam Investment & Finance,3.8,7k,13.5k,95
Bajaj Life Insurance,3.8,7k,18.3k,116
L&T Technology Services,3.1,6.9k,46.1k,1
FIS,3.7,6.8k,38.7k,132
Oracle,3.3,6.7k,65.8k,290
Omega Healthcare,3.7,6.7k,28.7k,196
JLL,4.1,6.7k,26.3k,505
Muthoot Finance,3.7,6.6k,13.3k,166
eClerx,3.1,6.6k,34.2k,470
IIFL Finance,4.0,6.6k,14.1k,44
Indian Army,4.7,6.5k,9.6k,--
DMart,3.9,6.5k,20k,290
PolicyBazaar,3.7,6.4k,19.2k,1.3k
Indiamart Intermesh,3.6,6.4k,21.7k,266
Piramal Finance,4.2,6.4k,12.9k,123
Virtusa Consulting Services,3.6,6.3k,58.4k,245
HSBC Group,3.8,6.3k,46.7k,114
SMFG India Credit,3.9,6.2k,11.1k,125
Access Healthcare,3.7,6.2k,30.4k,758
HCL Group,3.5,6.1k,38.9k,--
BigBasket,3.9,6.1k,20.4k,97
Manappuram Finance,3.9,6.1k,9.7k,5
GlobalLogic,3.5,6k,42.7k,45
ICICI Lombard General Insurance Company,3.5,6k,21k,248
Siemens,4.0,6k,35.5k,1.1k
Firstsource Solutions,3.5,6k,25.6k,66
Apollo Hospitals,4.0,6k,17.3k,346
Aurobindo Pharma,4.0,6k,20.4k,21
Shapoorji Pallonji Group,4.1,5.9k,15.6k,68
Tata Capital,4.0,5.9k,16.9k,5.3k
Swiggy,3.7,5.9k,25.3k,140
UST,3.7,5.9k,41.6k,631
Standard Chartered,3.6,5.9k,42.7k,20
Mahindra Finance,3.8,5.9k,12.3k,158
Bosch Global Software Technologies,3.7,5.8k,41.8k,65
Udaan,3.9,5.8k,14.9k,5
Citicorp,3.6,5.7k,55.6k,--
Ashok Leyland,4.0,5.7k,19.1k,2
Hero MotoCorp,4.1,5.7k,16.9k,1
CGI Inc,4.0,5.6k,48.3k,485
Kalpataru Projects International,4.1,5.5k,14.5k,2
NTT DATA,3.8,5.5k,40k,13
SBI Cards & Payment Services,3.6,5.5k,16.3k,105
Nagarjuna Construction Company,4.0,5.5k,12.8k,19
IQVIA,3.7,5.5k,32.8k,32
BNY,3.6,5.5k,32.5k,59
Cyient,3.6,5.5k,27.7k,147
Schneider Electric,4.1,5.4k,26.9k,491
SBI Life Insurance Company,3.7,5.4k,12.2k,10
CBRE,4.1,5.3k,19.7k,33
JustDial,3.5,5.3k,15.9k,35
TVS Motor,3.8,5.3k,17k,214
Persistent Systems,3.6,5.3k,48.5k,447
State Bank of India,3.9,5.3k,12.1k,10
KEC International,4.0,5.2k,14.1k,31
ITC Infotech,3.8,5.2k,30.8k,110
Amdocs,3.6,5.1k,38.3k,--
Atos,3.8,5.1k,33k,96
Utkarsh Small Finance Bank,3.6,5k,12k,68
Varun Beverages,4.0,5k,12.4k,20
JBM Group,3.9,5k,14.3k,53
vivo,4.0,5k,12.9k,29
Lenskart,3.4,4.9k,14.1k,263
Randstad,3.7,4.9k,17.8k,26
Ecom Express,4.1,4.9k,9.3k,--
Nagarro,3.9,4.9k,34.2k,341
EY Global Delivery Services ( EY GDS),3.5,4.8k,55.1k,20
Hetero,3.9,4.9k,15.7k,120
Intas Pharmaceuticals,4.1,4.8k,18.2k,45
Bosch,4.1,4.8k,21.6k,--
Havells,3.9,4.8k,15.9k,37
Eviden,3.6,4.8k,26.2k,--
L&T Finance,3.9,4.8k,12.3k,--
Aditya Birla Fashion and Retail,4.1,4.8k,13.5k,52
R1 RCM,3.8,4.8k,22.7k,204
Tata AIA Life Insurance,3.8,4.8k,15.3k,877
Hewlett Packard Enterprise,4.0,4.8k,27.8k,196
Cars24,3.5,4.7k,16.1k,81
Mahindra Logistics,3.7,4.7k,13k,235
Berger Paints,3.7,4.7k,11k,354
Deutsche Bank,3.8,4.6k,39.3k,301
Dell,3.8,4.6k,29.6k,15
Home Credit Finance,4.0,4.6k,9.1k,113
Motilal Oswal Financial Services,3.6,4.6k,13.7k,60
TeamLease Services,3.9,4.6k,16.8k,--
VE Commercial Vehicles,3.9,4.6k,14.8k,20
Hyundai Motor India Limited,4.1,4.5k,14.6k,5
OPPO,3.9,4.5k,11.8k,18
Thermax Limited,4.2,4.5k,13.7k,50
Jubilant Foods Works,3.7,4.5k,10.1k,318
Macleods Pharmaceuticals,3.7,4.4k,16.1k,24
Carelon Global Solutions,3.9,4.4k,29.4k,149
Jindal Steel Limited,3.9,4.4k,16.6k,39
Hindalco Industries,4.2,4.4k,13.3k,16
Aakash Educational Services,3.2,4.4k,14.2k,120
State Street Corporation,3.5,4.3k,35.1k,13
Bajaj Auto,3.8,4.3k,15.1k,40
LG Electronics,3.8,4.3k,11.4k,13
DCB Bank,3.8,4.2k,9.9k,20
HDFC ERGO General Insurance,3.9,4.2k,12.3k,11
RBL Bank,3.5,4.2k,18.7k,28
Royal Enfield,4.2,4.2k,15.4k,4
Kogta Financial India Limited,4.6,4.2k,2.1k,98
Cloudnine Hospital,4.5,4.2k,3.3k,25
John Deere,4.0,4.2k,16k,4
Publicis Sapient,3.2,4.1k,33.7k,92
Cummins,4.3,4.1k,15.9k,193
Tata Communications,3.8,4.1k,23.9k,272
Grasim Industries,4.0,4.1k,13.6k,9
Aditya Birla Sun Life Insurance,4.0,4.1k,10.7k,1
Pidilite Industries,4.2,4.1k,12.4k,11
Alembic Pharmaceuticals,3.9,4.1k,16k,52
Bank of America,4.1,4.1k,30.9k,--
Aditya Birla Capital,3.8,4k,14.6k,1
American Express,4.1,4k,26.4k,267
Kyndryl,3.9,4k,28.9k,725
PNB MetLife,3.3,4k,8.2k,2
KPIT Technologies,2.8,4k,24.7k,13
Oyo Rooms,3.0,4k,13.2k,158
Subros,3.7,4k,12.9k,1
Escorts Kubota Limited,4.1,4k,14.1k,6
ADP Private Limited,3.8,4k,22.4k,24
Blinkit,3.8,4k,15.2k,1
JK Cement,4.0,4k,10.3k,10
Maersk,3.9,3.9k,20.2k,73
PhonePe,4.0,3.9k,14.9k,39
Viatris,4.1,3.9k,14.6k,11
PVR INOX,3.9,3.9k,9.7k,39
XpressBees,4.1,3.9k,8.4k,5
Altruist Technologies,4.3,3.9k,8.5k,4
Birlasoft,3.4,3.9k,29.7k,526
Synechron,3.4,3.9k,29.5k,158
Glenmark Pharmaceuticals,3.8,3.9k,12.7k,201
Sodexo,4.0,3.9k,10.3k,1.3k
Kotak Mahindra Life Insurance Company,3.4,3.9k,12.8k,303
Reliance Communications,4.0,3.8k,9.5k,--
Bharat Electronics,4.2,3.8k,13k,--
Dabur,3.8,3.8k,9k,37
UNO Minda,3.9,3.8k,12.1k,202
Cogent E Services,3.1,3.8k,10.6k,3
ArcelorMittal Nippon Steel India,4.1,3.8k,13.4k,294
Godrej & Boyce Manufacturing,3.8,3.7k,15.3k,40
Abbott,4.1,3.7k,12.2k,190
Aarti Industries,4.1,3.7k,14.6k,110
Ipca Laboratories,3.8,3.7k,11.7k,49
Samvardhana Motherson Group,3.7,3.7k,11.9k,20
Reliance Digital,4.1,3.7k,8.4k,4
MRF Tyres,3.6,3.7k,13.5k,22
IGT Solutions,3.1,3.7k,14k,164
Reliance Projects & Property Management Services,4.0,3.7k,7.7k,--
Indian Oil Corporation,4.3,3.6k,8k,--
Alkem Laboratories,3.9,3.6k,10.3k,46
"NTT DATA, Inc.",3.9,3.6k,21k,128
Honda Motorcycle & Scooter,4.1,3.6k,11.3k,--
Vishal Mega Mart,3.7,3.6k,6.7k,6
Johnson Controls,3.6,3.6k,18.1k,1
[24]7.ai,3.4,3.6k,11.7k,71
Barclays,3.7,3.6k,35.2k,--
TVS Credit Services Ltd,4.1,3.6k,7.5k,53
Hindustan Coca Cola Beverages,4.0,3.6k,8.1k,73
DTDC Express,3.7,3.6k,9k,45
Bajaj General Insurance Limited,3.6,3.6k,11.1k,335
RSPL Group,4.0,3.5k,10k,55
ABB,4.0,3.5k,19.4k,584
IndusInd Nippon Life Insurance,3.3,3.5k,8.1k,15
AGS Health,3.9,3.5k,15.5k,74
UBS,3.8,3.5k,32.4k,1
Sagility,3.9,3.5k,14.2k,75
Ceat Tyres,3.9,3.5k,13.2k,51
NatWest Group,3.9,3.5k,22.2k,7
Ford Motor,4.2,3.5k,15.8k,3
Alstom Transportation,3.7,3.4k,16.3k,164
Croma,3.8,3.4k,10k,50
Niva Bupa Health Insurance Company,4.0,3.4k,9.1k,233
HARMAN,3.8,3.4k,24.2k,139
Conduent,3.4,3.4k,17.5k,627
InterGlobe Aviation,3.4,3.4k,14.4k,32
Tata Electronics,3.8,3.4k,14.2k,6
Tata Technologies,3.4,3.4k,23.8k,305
Tata AIG,3.9,3.4k,12.1k,65
Tata AutoComp Systems,3.6,3.4k,11.9k,117
Jindal Stainless,4.1,3.4k,12.2k,212
Indian Air Force,4.6,3.4k,5.4k,2
GeBBS Healthcare Solutions,3.8,3.4k,11.6k,62
Canara HSBC Life Insurance,4.1,3.3k,6.4k,7
PepsiCo,4.0,3.3k,14.7k,265
UPL,4.1,3.3k,11.3k,68
Max Healthcare,4.0,3.3k,10.9k,155
Mankind Pharma,3.8,3.3k,10k,13
Titan Company,4.2,3.3k,10.1k,124
Amazon Transportation Services,4.2,3.3k,9k,--
Ambuja Cements,3.9,3.3k,8.8k,28
S&P Global,3.9,3.3k,21.6k,111
Varroc Group,3.6,3.2k,9.9k,22
Societe Generale Global Solution Centre,3.6,3.2k,23.7k,16
Quest Global,3.5,3.2k,22.7k,229
Dilip Buildcon,3.9,3.2k,8k,7
MSN Laboratories,3.6,3.2k,10.2k,19
Allcargo Logistics,3.8,3.2k,6.8k,9
Ola Electric Mobility,3.3,3.2k,9.9k,1
ESAF Small Finance Bank,3.6,3.2k,8.4k,22
Walmart,3.5,3.2k,25.3k,195
IDFC FIRST Bharat,4.1,3.2k,5.2k,5
Afcons Infrastructure,4.2,3.2k,8.8k,48
DS Group,4.0,3.2k,8.1k,25
Torrent Pharmaceuticals,4.0,3.2k,10.6k,33
Zepto,3.6,3.2k,11.8k,52
Bharat Financial Inclusion,3.7,3.2k,5.6k,6
Marpu Foundation,4.9,3.1k,61,--
Suzlon Group,4.0,3.1k,7.9k,41
Tata Elxsi,3.4,3.1k,24.6k,83
Indus Towers,3.6,3.1k,9.6k,63
Zensar Technologies,3.6,3.1k,26k,389
Eternal Limited,3.6,3.1k,15.8k,9
HDFC Sales,3.9,3.1k,8.4k,29
Square Yards,3.5,3.1k,9.8k,58
Fujitsu,3.8,3.1k,18k,85
VVDN Technologies,3.6,3.1k,14.6k,26
I Process Services,3.8,3.1k,5.5k,3
Yazaki,3.9,3.1k,9.4k,31
IKS Health,3.5,3.1k,11.9k,29
CMS IT Services,3.1,3.1k,9.1k,51
ACC,3.9,3k,9.2k,--
Future Group,4.3,3k,6.1k,--
Shree Cement,3.8,3k,10.4k,21
Nokia,4.0,3k,17.7k,9
Shoppers Stop,3.9,3k,7.1k,63
Apollo Tyres,4.0,3k,10.1k,20
Physicswallah,3.6,3k,10.1k,418
Fiserv,2.7,3k,17.7k,18
Exl India,3.5,3k,19.5k,2
Britannia,4.0,2.9k,8.6k,46
Foxconn,3.8,2.9k,12.7k,14
Landmark Group,3.8,2.9k,9.7k,5
SRF,4.1,2.9k,9.5k,17
Dalmia Bharat Cement,3.9,2.9k,6.2k,1
ZS,3.0,2.9k,22.8k,81
Kansai Nerolac Paints,3.8,2.9k,8.4k,62
Star Health & Allied Insurance,3.5,2.9k,10.9k,44
Nestlé,3.7,2.9k,10.2k,31
Blue Dart Express Ltd,3.9,2.9k,7.1k,9
Exide Industries,3.4,2.9k,9.2k,72
Shell,3.9,2.8k,14.5k,45
UnitedHealth,4.0,2.8k,13.2k,--
TVS Supply Chain Solutions,3.8,2.8k,8.6k,18
Micro Labs,3.6,2.8k,10.1k,19
KPMG Global Services,3.5,2.8k,24.8k,25
Flex,3.9,2.8k,15.4k,57
Gallagher,3.6,2.8k,15.2k,39
Photon Interactive,4.0,2.8k,7.8k,898
Care Health Insurance,3.5,2.8k,9.3k,29
Tata Advanced Systems,3.7,2.8k,13.5k,12
Blue Star,4.0,2.8k,10.2k,312
ElasticRun,3.6,2.8k,6.8k,10
KFintech,3.3,2.8k,11.5k,23
Movate,3.1,2.7k,15.7k,134
G4S,4.0,2.7k,5.3k,898
Sonalika Tractors,3.5,2.7k,9.4k,1
Ajanta Pharma,3.9,2.7k,9.3k,24
Voltas,4.0,2.7k,8.8k,31
Capita,3.5,2.7k,12.3k,24
DBS Bank,3.7,2.7k,13.5k,365
Adani Power,3.8,2.7k,10.4k,--
ACT Fibernet,3.8,2.7k,7.9k,219
NoBroker,3.0,2.7k,11.4k,493
GAO Tek,4.4,2.7k,269,--
Himalaya Wellness,3.9,2.7k,6.2k,173
IntouchCX,2.7,2.7k,10.9k,61
Whitehat jr,3.3,2.7k,8.6k,--
BlackBuck,3.7,2.7k,6.5k,47
Foundever,3.3,2.7k,9.5k,90
Fortis Healthcare,4.1,2.7k,7.9k,1.5k
Laurus Labs,4.3,2.7k,7.5k,5
Domino's Pizza,3.9,2.7k,4.4k,--
BT Group,3.8,2.7k,12.3k,19
JCB,3.8,2.6k,10.1k,--
V-Mart,4.0,2.6k,4.6k,11
Adani Group,3.8,2.6k,12.4k,766
CorroHealth Infotech,3.5,2.6k,8.3k,57
Alldigi Tech,3.8,2.6k,7.6k,1
Northern Trust Operating Services,3.6,2.6k,18.1k,111
Sahrudaya Healthcare (Medicover Hospitals),4.3,2.6k,3.7k,45
Sterlite Technologies,3.8,2.6k,10k,132
ICICI Securities,3.9,2.6k,10k,57
Tractors and Farm Equipment,4.0,2.6k,8.5k,53
TaskUs,2.9,2.6k,10.7k,173
Bajaj Electricals,3.9,2.6k,7.4k,45
Parle Agro,3.9,2.6k,7.1k,9
Emcure Pharmaceuticals,3.6,2.5k,8.9k,96
Biocon Limited,4.0,2.5k,11.6k,15
Hero FinCorp,3.9,2.5k,6k,95
Cadila Pharmaceuticals,3.1,2.5k,8.3k,106
Planet Spark,3.8,2.5k,3.9k,61
Mahindra Holidays & Resorts,3.5,2.5k,5.9k,60
Newgen Software Technologies,4.1,2.5k,11.8k,36
Syngene International,3.7,2.5k,12.9k,6
Team Computers,3.8,2.5k,8.9k,191
Intellect Design Arena,3.5,2.5k,14.3k,28
Mahindra Rural Housing Finance,4.0,2.5k,4.9k,11
Datamatics Global Services,3.4,2.5k,11.7k,80
McDonald's,3.8,2.5k,5k,1
RMSI,3.5,2.5k,9.2k,9
Bureau Veritas,3.8,2.5k,8.6k,35
Paras Hospital,4.1,2.5k,3.3k,97
Patanjali Ayurved,4.0,2.5k,5.9k,--
Cholamandalam MS General Insurance,3.7,2.5k,6k,--
3i Infotech,3.4,2.5k,10.6k,93
Info Edge,3.8,2.4k,11.6k,421
Aavas Financiers,3.9,2.4k,5.9k,82
Taj Hotels Resorts and Palaces,4.2,2.4k,5k,--
Delhi Public School,3.7,2.4k,5.4k,151
TCE,3.9,2.4k,10.5k,26
Lodha,4.2,2.4k,9.3k,202
Apollo Pharmacy,3.7,2.4k,7.6k,1.1k
Statestreet HCL Services,3.4,2.4k,12.4k,--
Capgemini Engineering,3.3,2.4k,12.9k,--
Sopra Steria,3.9,2.4k,14.3k,161
Kia India,3.9,2.4k,8.5k,97
Cybage,3.7,2.4k,17.2k,28
Straive,3.3,2.4k,10.9k,44
Axis Direct,3.6,2.4k,4.6k,47
SBI Securities,3.6,2.4k,7.1k,95
GVK Emergency Management and Research Institute,3.5,2.4k,4.8k,58
Endurance Technologies Limited,3.9,2.4k,8.1k,40
Akums Drugs & Pharmaceuticals Limited,4.2,2.4k,6.3k,20
JK Tyre,3.9,2.4k,7.1k,10
Xoriant,4.0,2.4k,11.7k,64
Star Union Dai-ichi Life Insurance,3.8,2.4k,5.4k,43
Daikin Airconditioning India Pvt. Ltd.,4.2,2.4k,8.1k,7
Sobha,3.8,2.4k,8.6k,46
KocharTech,3.6,2.4k,3.8k,21
BNP Paribas,3.7,2.4k,19.8k,42
Bharat Petroleum,4.2,2.4k,7.6k,2
Panasonic Life Solutions India,3.9,2.3k,7.3k,19
Lifestyle,4.2,2.3k,6.7k,24
AWL Agri Business,4.1,2.3k,7.2k,24
Myntra,3.8,2.3k,11k,8
Eureka Forbes,3.6,2.3k,5.8k,7
SBI General Insurance,3.5,2.3k,6.9k,33
Bharti AXA Life Insurance,3.6,2.3k,5.3k,866
Aditya Birla Group,4.1,2.3k,9.8k,4
Radisson Hotels,4.0,2.3k,5.3k,396
Unacademy,3.0,2.3k,10.4k,10
Torrent Power,4.1,2.3k,8.1k,67
Renault Nissan Technology & Business Centre India,3.6,2.3k,15.4k,23
Meesho,3.7,2.3k,10.3k,32
Cisco,4.1,2.3k,19.8k,428
Coromandel International,4.0,2.3k,7.9k,35
Sify Technologies,3.6,2.3k,10.2k,60
ValueLabs,3.4,2.3k,16.6k,120
Indian Railways,4.2,2.3k,3.6k,22
Bank of Baroda,3.6,2.3k,7.1k,--
Whirlpool,4.0,2.3k,8k,15
Henry Harvin Education,4.0,2.3k,993,36
Manipal Hospitals,4.0,2.2k,7.6k,63
Lava International,3.9,2.2k,4.4k,7
Shahi Exports,3.9,2.2k,6.8k,67
Infinite Computer Solutions,3.2,2.2k,16.3k,170
Allstate,3.7,2.2k,12.2k,25
Generali Central Life Insurance,3.5,2.2k,6.8k,165
Mercedes-Benz Research and Development India,3.5,2.2k,18.6k,--
Poonawalla Fincorp,3.5,2.2k,6.4k,4
Spark Minda,3.7,2.2k,7.6k,17
Saint-Gobain,3.8,2.2k,12.3k,180
GlaxoSmithKline Pharmaceuticals,4.1,2.2k,6k,28
Nuvoco Vistas,4.1,2.2k,7.4k,45
FirstCry,3.5,2.2k,9.3k,5
Jio Platforms,3.4,2.2k,15.5k,--
CAMS,3.5,2.2k,9.3k,7
Brakes India,3.8,2.2k,7.4k,42
Cargill,3.9,2.2k,8.8k,143
Life Insurance Corporation of India,4.4,2.2k,4.5k,4
NTT DATA Business Solutions,4.1,2.2k,13.6k,41
Power Mech Projects,3.8,2.2k,6.9k,3
BHEL,4.2,2.2k,5.3k,53
upGrad,3.3,2.2k,9.7k,41
Kotak Securities,3.4,2.2k,9.7k,40
Nokia Networks,4.1,2.2k,10.3k,5
Microsoft Corporation,3.8,2.2k,33.4k,--
Force Motors,3.7,2.2k,8.3k,25
CitiusTech,3.0,2.2k,15.1k,50
"Maruti Suzuki India Limited, Hansalpur",4.3,2.2k,6.9k,13
Provana,4.1,2.2k,4.7k,8
EPAM Systems,3.7,2.2k,25.9k,415
SGS,3.7,2.2k,6.8k,149
Pfizer,3.9,2.2k,5.9k,87
IndusInd General Insurance,3.6,2.1k,7.1k,12
Biological E,4.3,2.2k,7.3k,40
Morgan Stanley,3.5,2.1k,28.8k,77
Reliance Trends,4.1,2.1k,4k,--
ITC Hotels,4.0,2.1k,5.5k,--
K12 Techno Services,3.7,2.1k,5.5k,348
Delphi TVS,3.8,2.1k,5.5k,3
Raymond Lifestyle Limited,4.1,2.1k,6.1k,26
Huawei Technologies,4.1,2.1k,7.6k,34
Simplex Infrastructures,3.3,2.1k,4.2k,3
Aditya Birla Health Insurance Co,3.7,2.1k,7.5k,2
Narayana Health,4.0,2.1k,6.4k,128
Shadowfax Technologies,3.5,2.1k,8.1k,58
YASH Technologies,3.6,2.1k,16.3k,486
Trent,3.8,2.1k,5.5k,37
Ola Cabs,3.2,2.1k,8.8k,2
Haier Appliances India,3.9,2.1k,7.3k,28
Extramarks Education,3.2,2.1k,7.2k,8
IDBI Bank,3.3,2.1k,6.4k,--
TELUS Digital,3.5,2.1k,11.1k,34
Novartis,4.1,2.1k,10.8k,--
Motherson Automotive Technologies and Engineering,3.7,2k,7.9k,4
Hinduja Leyland Finance,4.3,2k,3.1k,7
Aye Finance,4.1,2k,3.8k,101
R.R. Donnelley,3.6,2k,10.3k,16
Tekwissen,4.9,2k,628,282
AECOM,4.1,2k,7.3k,569
Senco Gold,4.4,2k,1.6k,2
Schindler,3.9,2k,6.4k,35
Trident Group,3.4,2k,5.6k,15
Globiva,3.0,2k,5.5k,259
Honeywell Automation,3.8,2k,12.9k,--
Microland,3.5,2k,10.8k,623
V-Guard,4.3,2k,4.8k,51
L&T Energy Hydrocarbon,3.8,2k,8.4k,--
CMS Infosystems,3.5,2k,5k,7
SAP,4.1,2k,18.6k,--
HSBC Electronic Data Processing,4.0,2k,8.2k,--
Paisabazaar.com,3.4,2k,7.1k,55
Godrej Properties,3.6,2k,9.8k,--
Crisil,3.5,2k,13.9k,629
Uflex,3.9,2k,6.9k,63
Spinny,3.6,2k,8.1k,71
Orchids International School,4.0,2k,4k,--
Ninjacart,3.8,2k,4.8k,27
Aadhar Housing Finance,4.0,2k,5.2k,22
Dr Lal PathLabs,4.2,2k,4.5k,107
Adecco Group,3.9,2k,7.7k,5
HTC Global Services,3.3,2k,13.6k,13
CNH (Case New Holland),3.7,2k,6.3k,14
CSB Bank,3.2,2k,7.5k,1.3k
Gabriel India Limited,4.0,2k,5.9k,14
Tata Power,3.9,2k,8k,27
Iris Software,3.8,2k,8.4k,454
DHL Supply Chain,4.1,2k,6.4k,24
Parle Products,3.9,2k,3.8k,18
Sammaan Capital Limited,3.7,2k,4.5k,28
NCR Voyix,3.4,2k,9.6k,31
Rungta Mines,3.9,2k,6.4k,2
G R Infraprojects,4.1,2k,5.5k,30
ICICI Home Finance,3.8,2k,5.9k,7
Philips,3.8,2k,11.3k,78
NTPC,4.2,2k,4.5k,--
Angel One,3.5,2k,8k,52
State Street Syntel,3.7,2k,6.2k,8
Verizon,3.5,2k,12.4k,--
Jindal Saw,4.1,2k,7k,51
Infinx,3.7,2k,5.6k,66
NeoSOFT,3.2,2k,11.3k,66
Thomson Reuters,3.7,2k,11k,102
Safexpress,3.9,2k,5.9k,1
PI Industries,3.8,2k,7.1k,25
Lucas-TVS,3.8,2k,6.2k,18
Capri Global Capital,3.6,2k,4.6k,27
Google,4.4,1.9k,38k,412
Polycab Wires,4.0,1.9k,7.3k,161
Medi Assist India,3.4,1.9k,7.6k,34
Labmentix,4.5,1.9k,48,--
Hindustan Aeronautics,4.3,1.9k,4.5k,13
Fusion CX,3.2,1.9k,4.6k,191
TVS Sundram Fasteners,3.6,1.9k,6.8k,15
Infra.Market,3.8,1.9k,4k,--
Aragen Life Sciences,3.9,1.9k,6.7k,4
Digit Insurance,3.5,1.9k,6.6k,17
Tata Tele Business Services,3.4,1.9k,4.6k,72
AXA Global Business Services,3.6,1.9k,7.3k,55
KENT RO Systems,3.7,1.9k,4.2k,9
First American (India),3.5,1.9k,9.7k,77
Haldiram Foods International Limited,3.8,1.9k,6.3k,--
Adani Green Energy,3.9,1.9k,6.3k,1
Honda Cars,4.3,1.9k,6.2k,--
Hindustan Petroleum,4.2,1.9k,6.2k,--
AkzoNobel,4.1,1.9k,4.6k,34
DIVI'S Laboratories,3.5,1.9k,6.9k,--
MetLife,3.9,1.8k,9.8k,95
Innovsource Services,3.9,1.8k,4.7k,--
Air India,3.4,1.8k,8.5k,57
Isgec Heavy Engineering,3.8,1.8k,7.1k,65
Pine Labs,3.2,1.8k,8k,10
Sterling & Wilson,4.1,1.8k,6.6k,18
USV,4.0,1.8k,5.8k,31
Reckitt Benckiser,3.9,1.8k,6.5k,98
Cafe Coffee Day,3.7,1.8k,3.8k,6
USHA International,4.0,1.8k,4.9k,21
Annapurna Finance,3.8,1.8k,3.8k,6
SS&C TECHNOLOGIES,3.2,1.8k,13.6k,196
Granules India Limited,3.8,1.8k,6.6k,8
LivSpace,3.3,1.8k,8.3k,190
NielsenIQ,3.4,1.8k,11.8k,27
Hitachi Astemo,4.1,1.8k,6.8k,--
HDFC Securities,3.4,1.8k,6.2k,50
XBP Global,3.1,1.8k,7.6k,48
IIFL SAMASTA,3.7,1.8k,3.4k,2
Security and Intelligence Services (India),4.1,1.8k,4.7k,40
Bata,3.5,1.8k,4.2k,4
Kalyan Jewellers,4.4,1.8k,1.6k,65
BVG India,4.1,1.8k,4.1k,98
TTEC India,3.6,1.8k,5.7k,10
Tata Communications Transformation Services,3.8,1.8k,8.4k,--
Cushman & Wakefield,4.1,1.8k,6.9k,44
Orange Business,4.1,1.8k,9.1k,11
BT Business,3.9,1.8k,9.3k,--
Mother Dairy Fruit & Vegetable,4.0,1.8k,5.2k,4
Medanta the Medicity,4.0,1.8k,5.3k,87
Stellar Migration,1.3,1.8k,3,--
Tata 1mg,3.6,1.8k,7.5k,245
HighRadius,2.4,1.8k,9.5k,120
Vedantu,3.2,1.8k,7.6k,23
Metro Cash & Carry,3.9,1.7k,4.9k,4
Suryoday Small Finance Bank,3.9,1.7k,4.7k,14
Patanjali Foods,3.7,1.7k,4.8k,21
Cavinkare,3.9,1.7k,5.1k,23
Caterpillar Inc,4.1,1.7k,11.9k,339
Sysnet Global Technologies,3.6,1.7k,4.4k,19
Shriram Life Insurance,3.5,1.7k,5.1k,60
FactSet,3.7,1.7k,11k,35
Clover Infotech,3.3,1.7k,12.4k,213
Dhani Loans and Services,3.9,1.7k,4.1k,37
Health Care Global Enterprises,4.4,1.7k,2.9k,144
L.G.Balakrishnan & Bros,3.5,1.7k,6k,2
Indian Navy,4.6,1.7k,3.5k,--
Future Retail,4.4,1.7k,3.5k,--
Frankfinn Institute of Air Hostess Training,3.9,1.7k,3.2k,10
Compass Group Support Services,4.0,1.7k,5.8k,25
KONE,4.1,1.7k,5.9k,33
ReNew,4.2,1.7k,7k,84
Yamaha Motor,4.0,1.7k,5.4k,--
CG Power and Industrial Solutions,3.7,1.7k,6.9k,--
Toyota Kirloskar Motor,4.3,1.7k,4.9k,12
NEC,4.1,1.7k,5.5k,5
Urban Company,3.3,1.7k,7.6k,116
Vardhman Fabrics,4.0,1.7k,5.3k,10
Rane (Madras),3.8,1.7k,4.7k,34
DHL Express,4.0,1.7k,6.2k,--
MagicBricks,3.9,1.7k,4.7k,12
Goldman Sachs,3.3,1.7k,21.6k,202
Matrimony.com,3.9,1.7k,4.4k,35
BA Continuum,3.9,1.7k,9.8k,--
JSW Bhushan Power & Steel,4.0,1.7k,4.8k,--
Krishna Maruti,3.8,1.7k,5.3k,12
Veritas Finance,4.2,1.7k,2.3k,--
Belrise Industries,3.7,1.7k,6.2k,9
Coronis Ajuba Solutions,3.9,1.7k,5.9k,13
Procter & Gamble,4.0,1.7k,5.9k,27
CMA CGM,4.0,1.7k,8k,39
Godrej Industries Group,3.9,1.7k,3.2k,--
mPokket,4.5,1.7k,1.8k,3
Dixon Technologies,3.9,1.7k,5.9k,27
Satin Creditcare Network,4.0,1.7k,3.2k,7
Arvind Group,4.0,1.7k,5.5k,35
Johnson & Johnson,3.9,1.7k,6k,94
Marico,3.8,1.7k,6k,45
Teva Pharmaceuticals,3.9,1.7k,5.9k,6
Wipro Enterprises Ltd,3.7,1.7k,8.5k,2
Sanofi,4.0,1.6k,6.3k,60
Welspun Living Limited,3.9,1.6k,5.2k,--
Chegg,4.1,1.6k,4k,19
IndiaFirst Life Insurance,3.8,1.6k,4.1k,37
iOPEX Technologies,3.1,1.6k,6.4k,29
Relaxo Footwear,4.0,1.6k,4.7k,33
HERE Technologies,3.7,1.6k,7.7k,7
Hero Motors Company,3.9,1.6k,6.3k,4
Troikaa Pharmaceuticals,4.4,1.6k,4k,18
Asahi India Glass,3.8,1.6k,5.6k,1
Tata Play,4.0,1.6k,4.4k,1
Supreme Industries,4.0,1.6k,5.9k,--
Cemindia Projects,4.2,1.6k,3.5k,6
Emami,3.8,1.6k,5.4k,12
ZF Commercial Vehicle Control Systems,3.8,1.6k,3.9k,4
SHYAM METALICS AND ENERGY,3.4,1.6k,5.1k,119
Broadridge Financial Solutions,3.8,1.6k,11.3k,84
Lumax Industries,3.9,1.6k,5.9k,37
Kotak Mahindra Prime,3.9,1.6k,5.3k,--
Tata Consumer Products,3.5,1.6k,6.5k,1
Wockhardt,3.7,1.6k,4.2k,23
KFC,4.0,1.6k,3.1k,1
Mercer,3.6,1.6k,10k,--
Bisleri,4.2,1.6k,4.5k,15
Amul India,4.0,1.6k,4.4k,1
Karur Vysya Bank,3.5,1.6k,5.3k,13
Muthoot Microfin,4.2,1.6k,2.7k,13
Marriott International,4.1,1.6k,4.7k,1.9k
IFB,3.5,1.6k,5.7k,23
Patra India,3.5,1.6k,6.6k,4
Gujarat Fluorochemicals,3.9,1.6k,6.9k,6
PharmEasy,3.7,1.6k,6.4k,4
Bajaj Capital,3.5,1.6k,4k,89
Suguna Foods,3.9,1.6k,4.2k,23
Steel Strips Wheels,3.7,1.6k,5.7k,14
GE VERNOVA,4.1,1.6k,5.9k,9
Canara Bank,3.6,1.6k,4.1k,--
Honda,4.1,1.6k,3.7k,17
Chetu,3.8,1.6k,7.4k,3
Dainik Bhaskar Group,4.1,1.6k,4.5k,69
Piramal Pharma,3.9,1.6k,7.1k,47
Evalueserve,3.0,1.6k,10.6k,57
XL Dynamics,3.7,1.6k,3.6k,20
Sonata Software,3.4,1.6k,12.3k,142
Tanishq,4.2,1.6k,3.2k,--
SAI Life Sciences,3.9,1.6k,6.2k,53
GMR Group,3.9,1.5k,4.8k,--
Page Industries,4.1,1.5k,5k,7
Tesco,3.6,1.5k,9.5k,67
Nayara Energy,4.2,1.5k,5.9k,7
PNB Housing Finance,3.6,1.5k,4.9k,11
Airtel Payments Bank,3.8,1.5k,5.5k,39
Wheelseye Technology,3.4,1.5k,4.1k,26
Oracle Cerner,3.3,1.5k,9.8k,--
QualityKiosk Technologies,3.2,1.5k,11.8k,218
American Broadcasting Company,4.0,1.5k,38k,4
Acuity Analytics,3.1,1.5k,13.4k,244
SBFC Finance,3.8,1.5k,3k,91
Amneal Pharmaceuticals,4.2,1.5k,6.5k,60
Devyani International,3.7,1.5k,3.6k,10
V5 Global Services,3.8,1.5k,3.8k,8
Ashoka Buildcon,4.1,1.5k,4.1k,7
Gland Pharma,3.9,1.5k,6k,16
Heritage Foods,4.0,1.5k,3.8k,45
Happiest Minds Technologies,3.4,1.5k,13.1k,573
Valeo,3.9,1.5k,8.2k,167
Daimler India Commercial Vehicles,3.9,1.5k,6.8k,--
City Union Bank,2.9,1.5k,5.7k,10
ALTEN,3.5,1.5k,8.9k,122
Altimetrik,3.4,1.5k,13.2k,244
VOIS,3.7,1.5k,9.5k,36
ISS Facility Services,4.0,1.5k,4.3k,26
Apco Infratech,3.8,1.5k,4.4k,20
Indoco Remedies,3.4,1.5k,5.8k,30
Max Fashion,4.0,1.5k,3.5k,15
Apexon,3.2,1.5k,9.8k,95
Jaquar,4.1,1.5k,5.3k,66
HCL Infosystems,4.0,1.5k,6.3k,--
Aon,3.8,1.5k,6.7k,71
Chandigarh University,4.2,1.5k,2.8k,58
Aumovio,3.7,1.5k,9.5k,18
Bharat Forge,3.7,1.5k,6.6k,9
Honeywell Technology Solutions,3.7,1.5k,11.3k,--
Fusion Finance,3.9,1.5k,3.4k,2
NIIT,3.4,1.5k,6.1k,22
Oberoi Group of Hotels,4.0,1.5k,3.8k,--
Morningstar,3.7,1.5k,10.7k,58
R Systems International,3.8,1.5k,7.8k,47
Indegene,3.2,1.5k,10.1k,32
Amara Raja Energy & Mobility,4.0,1.5k,4.3k,--
CIE Automotive India Limited (Formerly known as Mahindra CIE Automotive Limited),3.6,1.5k,5.1k,21
Narayana Educational Society,3.6,1.5k,4.1k,3
Hyatt Regency,4.1,1.5k,3.1k,2
Taurus BPO Services,4.0,1.5k,1k,2
MedPlus,3.5,1.5k,4.6k,50
AB InBev India,3.3,1.5k,8k,74
Aerial Telecom Solutions,4.1,1.5k,2.4k,25
Nykaa,3.4,1.5k,7.2k,36
Sony,4.1,1.5k,4.7k,2
Vfs Global Services,3.4,1.5k,4.4k,15
Tieto,4.1,1.5k,9.4k,9
TEKsystems,3.1,1.5k,11.6k,38
DCM Shriram,4.1,1.5k,5.2k,25
Sansera Engineering,4.0,1.5k,5.7k,1
Citco,3.1,1.4k,10.3k,126
TÜV SÜD,4.0,1.4k,3.9k,29
Eaton,3.9,1.4k,8.5k,9
Adobe,3.7,1.4k,13.8k,137
Hire In Global,4.9,1.4k,8,--
Kantar,3.4,1.4k,6.9k,--
J. Kumar Infraprojects,4.1,1.4k,4.4k,5
Agilus Diagnostics,4.1,1.4k,3.4k,14
Slk Software Services,3.2,1.4k,9.3k,--
Acmegrade,3.9,1.4k,293,2
JSW Cement,4.0,1.4k,4.5k,18
AtkinsRealis,3.7,1.4k,6.3k,438
Tenarai,3.5,1.4k,11.1k,67
Xiaomi,3.7,1.4k,5.7k,6
VLCC,3.2,1.4k,3.4k,43
Unisys,3.4,1.4k,10.2k,27
Oracle Financial Services Software,3.2,1.4k,10.4k,--
Rashmi Metaliks,3.1,1.4k,5k,9
EOSGlobe,3.0,1.4k,4k,7
FedEx Express,4.0,1.4k,5.3k,126
Tata Group,4.2,1.4k,5.7k,--
The Muthoot Group,3.6,1.4k,3.5k,--
Sunknowledge Services,3.4,1.4k,4k,17
Fino Payments Bank,3.7,1.4k,4k,9
iMerit,3.2,1.4k,6k,12
Novo Nordisk,3.6,1.4k,6.7k,190
Incedo,2.9,1.4k,10.8k,68
Worley,4.1,1.4k,7.6k,140
Bajaj Housing Finance,3.5,1.4k,6k,82
Amity University,3.5,1.4k,5.2k,6
Sharekhan,3.7,1.4k,5.3k,133
IDC Technologies,3.1,1.4k,6.8k,--
INDIUM,3.9,1.4k,7.3k,29
NetAmbit,4.0,1.4k,3.1k,4
The Ramco Cements,4.0,1.4k,4.6k,12
TE Connectivity,4.1,1.4k,7.8k,204
Grant Thornton,3.3,1.4k,12k,296
TCS iON,3.8,1.4k,4.1k,--
Unichem Laboratories,3.7,1.4k,5.2k,44
Iffco Tokio General Insurance Co.,3.8,1.4k,4.2k,--
Paytm Payments Bank,3.8,1.4k,5.5k,--
Viraj Profiles,4.1,1.4k,4.5k,12
Faurecia,3.9,1.4k,6k,25
Aforeserve,3.4,1.4k,3.6k,15
Brillio,3.4,1.4k,11.1k,10
CenturyPly,3.8,1.4k,4.6k,26
Burger King,4.0,1.4k,3.6k,--
ZF Steering Gear,3.7,1.4k,7.7k,17
Bharat FIH,3.7,1.4k,5.2k,--
SK Finance Limited,3.8,1.4k,3.9k,--
Aptara,3.1,1.4k,6.4k,18
Hindware Limited,3.9,1.4k,4.6k,8
CreditAccess Grameen,3.9,1.4k,2.7k,14
FDC,3.7,1.4k,3.8k,31
More Supermarket,3.7,1.4k,4.1k,46
GEP Worldwide,3.6,1.4k,9.6k,12
Baroda Global Shared Services,3.9,1.4k,3.1k,37
Globant,3.3,1.4k,10.8k,95
RBL FinServe,3.9,1.4k,3.1k,6
Sheenlac Paints,4.1,1.4k,1.8k,2
Hatsun Agro Product,3.8,1.4k,4.9k,15
OM Logistics,3.9,1.4k,4k,2
Nippon Paint India,4.0,1.4k,4k,2
Decathlon,3.7,1.4k,4.5k,--
Punjab National Bank,3.9,1.4k,3k,--
Collabera Talent Solutions,3.4,1.4k,7k,1
NxtWave,3.5,1.4k,3.7k,218
ManpowerGroup,3.6,1.4k,5.3k,197
Royal Migration Solutions,4.9,1.4k,5,--
DEXIT Global,3.4,1.4k,5.3k,3
JioMart,3.9,1.4k,4.4k,--
GE,4.1,1.4k,7.5k,2
Astral Pipe,3.9,1.3k,4.4k,102
ICICI Prudential Mutual Fund,3.9,1.3k,5.9k,--
Shubham Housing Development Finance,4.0,1.3k,3k,8
Centre for Development of Advanced Computing,3.6,1.3k,7k,--
Cinépolis,3.8,1.3k,3k,--
VIBGYOR Group of Schools,3.5,1.3k,4.3k,254
Mondelez International,4.1,1.3k,4.8k,93
Spicejet,3.3,1.3k,5.1k,2
Ion Exchange India,3.7,1.3k,5.4k,37
Apex Group,2.6,1.3k,8.7k,479
Atul,3.9,1.3k,5.3k,2
Samsung Research,2.9,1.3k,10.1k,2
Jakson Group,4.1,1.3k,4.1k,28
Luminous Power Technologies,4.1,1.3k,4.2k,18
Aarvee Associates,3.7,1.3k,3.3k,--
Spandana Sphoorty Financial,3.8,1.3k,2.5k,8
T-Systems ICT India,3.7,1.3k,9.2k,25
Fabindia,3.7,1.3k,4k,58
Big Bazaar,4.4,1.3k,2.1k,--
Pantaloons,4.1,1.3k,3k,--
Tenneco,3.6,1.3k,5.4k,14
OpenText Technologies,3.3,1.3k,12.5k,11
Bluestock ™,4.5,1.3k,64,--
Hindustan Construction Company,4.2,1.3k,3.2k,9
Vestas,4.1,1.3k,5.5k,31
ANZ Banking Group,3.7,1.3k,8.5k,12
Godrej Consumer Products,4.0,1.3k,5k,2
H.G. Infra Engineering,3.9,1.3k,3.3k,7
Willis Towers Watson,3.7,1.3k,8.2k,20
Fresenius Kabi,4.0,1.3k,4.2k,7
DP World,3.8,1.3k,5.5k,197
KIMS Hospital,3.8,1.3k,3.8k,7
Dassault Systemes,3.7,1.3k,7.6k,--
Arvind Fashions Limited,3.8,1.3k,3.4k,38
Zoho,4.1,1.3k,10.5k,--
Prodapt,3.5,1.3k,10.1k,73
Diageo,3.7,1.3k,6.5k,29
Panasonic,4.0,1.3k,4.7k,10
Sigma Electric Manufacturing Corporation,4.0,1.3k,2.8k,14
Mu Sigma,2.5,1.3k,6.8k,--
SKF,4.0,1.3k,4.7k,63
Automotive Manufacturers,3.8,1.3k,5.2k,72
PNC Infratech,3.8,1.3k,3.5k,--
Electronics Corporation of India Limited,4.2,1.3k,3.2k,9
Intertek,3.8,1.3k,4.1k,54
Kalpataru Limited,4.1,1.3k,4.6k,35
Shriram Pistons & Rings,4.0,1.3k,4.7k,4
iSON Xperiences,3.1,1.3k,3.3k,24
AIIMS,4.2,1.3k,4.7k,--
AGS Transact Technologies,2.8,1.3k,3.8k,--
Dell EMC,3.7,1.3k,8.3k,--
Colliers India,3.9,1.3k,5k,77
Indostar Capital Finance Limited,4.3,1.3k,2.1k,1
DLF,4.0,1.3k,5.1k,23
Parexel International,3.8,1.3k,6.2k,15
Rockman Industries,3.8,1.3k,3.9k,23
Synchrony,4.3,1.3k,5.6k,25
Nielsen,3.1,1.3k,6.9k,2
Ahluwalia Contracts India,4.0,1.3k,3.7k,19
JTEKT,4.1,1.3k,4.5k,4
Oil And Natural Gas Corporation,4.3,1.3k,3.1k,--
Wind World,4.0,1.3k,3.3k,--
Qualcomm,3.7,1.2k,15.6k,20
ExcelR,3.6,1.2k,1.1k,24
Strides Pharma,3.9,1.2k,4.5k,--
Jindal X,3.5,1.2k,2.8k,1
Kirloskar Oil Engines,4.1,1.2k,4.3k,21
Fidelity Investments,4.1,1.2k,8.1k,1
JK Lakshmi Cement,3.7,1.2k,3.9k,--
Balkrishna Industries,4.0,1.2k,4.5k,--
DENSO,4.1,1.2k,3.8k,4
Innova Solutions,3.3,1.2k,8.4k,97
Zetwerk,4.0,1.2k,4.4k,148
Rupeek,4.1,1.2k,3.4k,24
Federal Bank,3.6,1.2k,6.1k,--
Genius HRTech,3.7,1.2k,4k,1
Schaeffler India,4.0,1.2k,6k,16
Fidelity National Financial,3.7,1.2k,6.3k,4
Best Sellers,4.1,1.2k,3.2k,2
ACG Worldwide,3.8,1.2k,4k,61
EbixCash Limited,3.5,1.2k,5.1k,--
Leadec India,4.0,1.2k,3.5k,46
Sri Chaitanya Techno Schools,3.4,1.2k,3.7k,--
Imperial Auto Industries,3.7,1.2k,5k,17
Aparna Constructions and Estates,3.8,1.2k,4.2k,50
Baazar Retail Private Limited,4.4,1.2k,1.6k,2
Aptiv,3.4,1.2k,8.8k,11
Meril,3.5,1.2k,5.2k,27
Intel,4.1,1.2k,9.5k,50
Prism Johnson,3.7,1.2k,4.5k,--
Indira IVF Hospital,3.8,1.2k,3.1k,84
PHN Technology,4.2,1.2k,402,4
HFCL Limited,3.7,1.2k,4.2k,11
Salesforce,3.9,1.2k,15.4k,396
London Stock Exchange Group,3.6,1.2k,11.6k,1
IIFL Home Finance,3.8,1.2k,3.1k,1.5k
Thyrocare Technologies,3.7,1.2k,4.4k,35
Electronica Finance,4.1,1.2k,2.8k,26
Birla Opus,4.0,1.2k,2.8k,--
Birla Corporation,4.0,1.2k,3.8k,12
PayPal,3.7,1.2k,10.4k,--
MDIndia Health Insurance TPA,3.6,1.2k,3.9k,42
Deccan Fine Chemicals,3.6,1.2k,5.3k,8
Johnson Lifts,3.9,1.2k,3.6k,8
The Jaypee Group,3.8,1.2k,3.4k,11
FOCUS EDUMATICS,2.9,1.2k,3.1k,--
Nilkamal,3.6,1.2k,3.8k,38
Podar International School,4.0,1.2k,3.3k,10
Coca-Cola Company,4.0,1.2k,3.5k,--
Biocon Biologics,3.7,1.2k,7.2k,1
Dhoot Transmission,3.7,1.2k,3.9k,3
Apollo Health and Lifestyle Limited,4.3,1.2k,3.6k,52
CaratLane - A Tata Product,4.0,1.2k,3.2k,12
Stanza Living,3.4,1.2k,3.6k,19
INDO-MIM,4.0,1.2k,4.5k,16
Innodata India Private Limited,3.7,1.2k,3.2k,43
Kinara Capital,4.4,1.2k,2.2k,3
Barclays Shared Services,3.7,1.2k,4.5k,617
Ocwen Financial Solutions,3.7,1.2k,4.2k,19
Navitasys India,4.0,1.2k,2.8k,5
Motilal Oswal Home Finance,4.3,1.2k,1.5k,--
Dishtv,3.4,1.2k,3.4k,20
Bajaj Motors,3.9,1.2k,3.5k,13
Edelweiss Life Insurance,3.7,1.2k,3.7k,51
Svatantra Microfin,3.9,1.2k,2.3k,11
Kohler,3.6,1.2k,5.3k,16
Jabil Circuit India,4.0,1.2k,4.4k,64
V2 Retail,3.3,1.2k,2.7k,47
Asirvad Microfinance,3.8,1.2k,2.3k,4
Jacobs Engineering Group,4.2,1.2k,5.4k,7
Edelweiss,3.6,1.2k,5.5k,--
1Point1 Solutions Ltd,3.6,1.2k,3.1k,73
Onward Technologies Inc,2.8,1.2k,6.4k,36
Unicharm,3.9,1.2k,3k,2
Advantmed,4.0,1.2k,2.9k,19
Air India Sats Airport Services,3.6,1.1k,2.6k,--
TÜV NORD,3.7,1.1k,4.2k,156
Piaggio,3.6,1.1k,3.9k,44
TK Elevator,3.8,1.1k,4.4k,5
Barbeque Nation,3.9,1.1k,2.8k,5
MG Motor,3.9,1.1k,4.9k,32
Hyundai Mobis,3.7,1.1k,5.3k,--
Unity Small Finance Bank,3.6,1.1k,4.4k,33
Zydus Wellness,4.1,1.1k,2.9k,28
Sundaram Finance,3.9,1.1k,3k,5
ICON Plc,4.0,1.1k,4.7k,2
MAHLE ANAND Filter Systems,3.9,1.1k,3.6k,--
Hikal,3.8,1.1k,4.8k,6
Tube Investments of India,3.8,1.1k,3.8k,33
BDR Pharmaceuticals International,4.2,1.1k,2.1k,19
Hinduja Housing Finance,3.7,1.1k,2.9k,21
Tata Capital Housing Finance,3.9,1.1k,3.4k,--
Hitachi Energy,4.0,1.1k,8k,695
Godrej Agrovet,4.0,1.1k,3.6k,6
Kirloskar Brothers,3.8,1.1k,4.4k,28
Knorr-Bremse,3.3,1.1k,5.3k,5
Aarvi Encon,4.0,1.1k,3.1k,257
Wonder Home Finance,4.6,1.1k,802,2
Syngenta,4.1,1.1k,3.8k,33
